emp_name,work_hour,job_role,stats
Moses M. Sosa,25,Web Developer,Part-time
Knox I. Huber,21,UI/UX Designer,Full-time
Morgan X. Aguirre,33,Assembler Programmer,Part-time
Imogene V. Hale,27,Web Developer,Part-time
Armand H. Snyder,29,Web Developer,Full-time
Kibo M. Barry,33,UI/UX Designer,Part-time
Martina K. Solis,20,Assembler Programmer,Full-time
Irene Y. Terrell,20,Web Developer,Intern
Price P. Jenkins,32,Assembler Programmer,Intern
Fuller V. Serrano,34,Assembler Programmer,Full-time
Cleo N. Tyson,32,Assembler Programmer,Part-time
Tad Z. Gilbert,24,Web Developer,Full-time
Octavia P. Bauer,21,UI/UX Designer,Intern
Simon Y. Cash,36,Assembler Programmer,Full-time
Lamar B. Stanton,34,UI/UX Designer,Full-time
Paki M. Miller,27,Assembler Programmer,Part-time
Joseph I. Ratliff,36,Assembler Programmer,Full-time
Michelle A. Sanford,41,UI/UX Designer,Full-time
Honorato L. Russo,27,UI/UX Designer,Full-time
Declan L. Fischer,22,Assembler Programmer,Full-time
Julie H. Sosa,21,Web Developer,Part-time
Kuame J. Briggs,20,Web Developer,Full-time
Simone Q. Haley,37,Assembler Programmer,Full-time
Gisela L. Gallegos,29,UI/UX Designer,Full-time
Plato X. Carson,22,Web Developer,Part-time
Mohammad S. Clarke,30,Web Developer,Intern
Althea U. Clements,24,UI/UX Designer,Full-time
Rashad D. Caldwell,25,Web Developer,Part-time
Griffith E. Blankenship,24,UI/UX Designer,Part-time
Kaseem N. Sherman,40,Web Developer,Part-time
